income,credit_history,debt_to_income_ratio,age,target
42472.40713084175,excellent,0.7952948088939877,62,high
77042.85838459496,good,0.7108549746470576,62,high
63919.63650868431,excellent,0.3251063086144015,51,low
55919.5090518222,excellent,0.7583571287863498,26,high
29361.118426546192,poor,0.2698198387312857,41,low
29359.67122017216,poor,0.690469825094715,25,high
23485.016730091967,excellent,0.42837397608594807,24,low
71970.56874649611,poor,0.7267845922670417,53,high
56066.90070459253,good,0.7208340140644702,35,high
62484.35466776273,good,0.6835552400705728,20,high
21235.069657748147,poor,0.674018261784237,45,high
78194.59112971966,good,0.38280748345882454,23,low
69946.5584480253,poor,0.24855156983075133,61,low
32740.346640696567,excellent,0.4417881072590969,61,low
30909.49803242604,excellent,0.30411470899190524,38,low
31004.270591206026,good,0.6169706533414772,45,high
38254.53457757227,poor,0.40765983592267135,57,low
51485.38589793427,poor,0.785366120515949,18,high
45916.70111852695,good,0.5845832464071993,53,high
37473.748411882516,excellent,0.6934883381806167,38,high
56711.17368334277,good,0.27951480364510906,60,low
28369.631639122512,excellent,0.7172086893635736,52,high
37528.678912113086,poor,0.7536543143080368,30,high
41981.7105976215,excellent,0.4922371512913616,27,low
47364.19905302215,good,0.5637517626505866,61,high
67110.55768358082,poor,0.6588858805417974,64,high
31980.426929501584,good,0.30490317635624753,27,low
50854.0663048167,good,0.5015396458780654,63,high
55544.87413172255,excellent,0.4391978166633879,30,low
22787.024763199865,good,0.2878243952973495,54,low
56452.6911140863,excellent,0.4205206533749189,55,low
30231.44742123749,poor,0.24090338563129615,41,low
23903.095579116773,excellent,0.2154871441696922,19,low
76933.1322352,poor,0.28109977349289367,39,low
77937.92198447356,excellent,0.7778690669535044,34,high
68503.84088698766,good,0.5297177215370102,53,high
38276.82615040224,excellent,0.7794932966919321,31,high
25860.326840383033,excellent,0.45949872699807925,27,low
61053.98159072941,poor,0.3870896798511558,52,low
46409.14962437608,good,0.5036851177041466,42,high
27322.29409068673,excellent,0.4637070131797461,20,low
49710.614606676216,good,0.2633988105570464,64,low
22063.311266913104,excellent,0.5844957888141238,55,high
74559.22412472693,excellent,0.3296229095057598,34,low
35526.79889600101,good,0.5717527729386978,29,high
59751.33706123892,excellent,0.590120655438892,41,high
38702.664565364656,good,0.2912149118771889,46,low
51204.08127066865,excellent,0.23680977626640093,60,low
52802.61676059678,poor,0.6684569516410639,42,high
31091.26733153162,good,0.47588025426159214,53,low
78175.07766587351,excellent,0.2348982773032855,43,low
66507.96940166687,excellent,0.7969197903018603,55,high
76369.93649385135,poor,0.23466833659782,18,low
73689.64102565893,good,0.617021137315132,37,high
55873.99872866511,excellent,0.7902073551580482,45,high
75312.454101387,poor,0.3435080625295554,33,low
25309.550123115172,excellent,0.2853496212123177,64,low
31758.971745148712,good,0.2728309636534574,34,low
22713.637334632283,excellent,0.38196508854055733,57,low
39519.819845795864,excellent,0.260627486606388,45,low
43320.63738136892,excellent,0.6152968050164792,29,high
36280.941906433756,excellent,0.23737507887803763,44,low
69724.25054911576,poor,0.5056532768898738,59,high
41405.19960161536,poor,0.7980181123117862,64,high
36856.07058124285,good,0.6883821617036114,47,high
52561.764989494906,poor,0.5691316629386066,58,high
28455.45349848576,poor,0.383752172471967,51,low
68131.81884524238,good,0.5743375017749832,54,high
24473.03862078625,poor,0.516224878346991,23,high
79213.21619603105,poor,0.4556500303342229,24,low
66334.68615779944,good,0.2784262260441197,49,low
31922.940892050345,good,0.7319625291442802,49,high
20331.327027416144,good,0.4698707892927936,42,low
68927.68570729005,excellent,0.31677350709245905,50,low
62411.440630857025,excellent,0.4206556105263738,24,low
63740.430082459236,good,0.4484778515173563,29,low
66276.22080115674,good,0.6965227373401246,33,high
24442.679104045423,good,0.6401686283368413,33,high
41507.94371265636,excellent,0.661582936184804,60,high
26952.143571507782,excellent,0.20661875865718834,53,low
71786.20555253561,poor,0.44969239890785695,30,low
57397.88760965347,poor,0.4888064909811942,24,low
39853.88149115895,good,0.21151536609383403,53,low
23813.50101716142,excellent,0.35588792524702056,64,low
38658.93930293973,excellent,0.6561738938732811,26,high
39510.999321604824,excellent,0.2822658234373995,49,low
63776.37070028384,good,0.521186078871555,28,high
58253.44828131279,poor,0.32912112321034254,25,low
73232.7645545796,good,0.20727246478633599,50,low
48332.89550971695,poor,0.3447208745597249,40,low
27175.654756298103,poor,0.7855242529460325,42,high
62794.6872333797,good,0.6809222671297939,25,high
65647.10291701385,poor,0.7757459865926202,62,high
53676.63185416978,poor,0.4927124263558175,39,low
66258.03079727366,excellent,0.2658417192065021,21,low
49627.73578186345,poor,0.5287756933842158,57,high
51363.969762919645,good,0.47262640073597656,20,low
45652.46110151298,good,0.7066142496437697,46,high
21525.14760464571,poor,0.25884954847054675,58,low
26473.48561959827,excellent,0.492944682213067,46,low
21885.751141204055,excellent,0.29002919881639055,51,low
58184.624675826824,poor,0.394805556134036,51,low
38861.3588645796,poor,0.6424142464326799,45,high
50514.24146988217,good,0.48561087762126,30,low
74453.98843556558,poor,0.42553297108746163,32,low
34957.533748932496,excellent,0.43668576714202123,40,low
44622.97538213778,poor,0.47566806104359205,61,low
65333.068312582924,good,0.6710099263022342,43,high
33727.889929497345,good,0.7352508133641407,21,high
24618.79458972758,good,0.773200811902357,43,high
37385.08717482608,good,0.6721420317531772,57,high
29673.277235240264,good,0.3892441374488077,26,low
75781.85914055438,poor,0.6128808236519254,22,high
68487.22277386501,poor,0.4625618744332352,49,low
58004.225390625405,poor,0.35280237322763075,37,low
72287.63541126307,poor,0.7045229476555537,28,high
68220.32461394687,good,0.223055809377395,32,low
31194.203533162152,excellent,0.7410571952812541,49,high
73553.53990939866,poor,0.4768864787748405,45,low
52360.53451493905,excellent,0.5823208860849683,39,high
68446.40930984376,poor,0.5956123533234696,58,high
73765.4779954096,poor,0.7370706444239219,34,high
39080.20849831183,excellent,0.5820018093003245,43,high
26603.115471660603,good,0.5683601508560372,61,high
33676.1097525165,poor,0.239991224336414,24,low
45626.46731757538,poor,0.5110448131671226,59,high
69080.88595534959,poor,0.29010140049022504,43,low
71643.8349953806,excellent,0.6424602612328913,42,high
20417.127831871443,good,0.5073331524876048,27,high
50644.838154653946,excellent,0.608136667525012,62,high
45044.66018892674,excellent,0.22500374036143056,36,low
33326.46862824381,good,0.25087520962748194,28,low
27191.922040020967,excellent,0.6297940328376095,30,high
40256.91028421768,good,0.24325060159920403,25,low
76574.58223475114,poor,0.24275403665915518,57,low
39392.17592124532,good,0.20726508514093248,21,low
51127.43730460196,poor,0.7739008389796882,64,high
62181.13753371067,excellent,0.6425050156754042,48,high
41817.77614275764,excellent,0.4119508451012385,45,low
78306.92496325764,poor,0.3779213487725932,28,low
77746.83769652667,excellent,0.40982193784750975,60,low
35106.93774952185,good,0.6647921187087091,18,high
49834.91035354313,poor,0.5968223666422487,64,high
38052.69858900618,excellent,0.3111173407204808,55,low
37090.42966264806,poor,0.30446560120045063,41,low
22213.21684127197,good,0.2590373898280384,64,low
56573.86003879381,good,0.596181631820803,48,high
50160.74139373169,excellent,0.6586235973330417,58,high
23088.725074999362,good,0.35902785699500245,63,low
36718.787854196686,poor,0.2125669766185477,43,low
74495.95315799923,good,0.24930300048585644,22,low
34373.71344001834,poor,0.7807160209070183,37,high
28693.692325473385,poor,0.3772668664864522,58,low
49367.16561665378,good,0.6615338887028803,28,high
79139.02724663605,excellent,0.5747981413125584,50,high
34523.316290690025,good,0.4291637837917376,55,low
60328.132844352716,poor,0.3234123573173331,44,low
65697.17691972305,poor,0.2728318508956439,51,low
34258.25263954398,good,0.56900778082332,32,high
63692.980916711575,excellent,0.6647802683826729,49,high
42066.98796315519,excellent,0.5863425521246785,38,high
57938.34983561477,poor,0.518181279949495,63,high
58011.78264565368,poor,0.22517073405898178,22,low
52146.48104448551,excellent,0.7810932665566304,23,high
25417.386203264497,good,0.6792285149927448,55,high
70118.14973535428,poor,0.37569322202057887,39,low
39246.80389830415,poor,0.7879821976153105,35,high
31191.110623991255,excellent,0.5611289537817934,31,high
22446.508493285834,good,0.549453594924348,27,high
55453.576591294506,excellent,0.6488439076577193,63,high
60653.86171053694,good,0.6870618728540826,30,high
20995.26973567137,good,0.5938871643989017,48,high
50725.58349795686,good,0.27685744781972005,47,low
33589.74651187628,poor,0.4029605035966991,20,low
58710.36742456699,excellent,0.7568501841956299,47,high
30461.985740299486,excellent,0.3347693671063112,23,low
61456.264286147954,good,0.423300214302508,46,low
43204.120778032244,poor,0.45924612976651763,25,low
76203.79932420407,poor,0.46364299381667134,61,low
28251.256648759598,excellent,0.5677637494967154,62,high
40463.98106301551,poor,0.7658455026468247,60,high
26808.411274435344,poor,0.344415627099503,61,low
75481.61709671377,good,0.27290082578055086,50,low
72640.36120285885,poor,0.3184822939159624,34,low
35476.497662909336,good,0.7321549401255618,28,high
59599.04276205074,excellent,0.5874864875931236,30,high
69033.33201207295,poor,0.3715440735434961,28,low
53312.04869596774,excellent,0.6895681633811704,48,high
51779.03470136039,excellent,0.7168219978180617,45,high
34511.1374540271,poor,0.7079086032141668,61,high
25586.166068353952,poor,0.7513559201837328,23,high
73832.9454771996,excellent,0.351344612104017,58,low
74025.08342979982,poor,0.653025157247767,33,high
57986.087436396076,good,0.47632369836448407,21,low
40341.787462922046,good,0.7051991317340369,52,high
40952.57447675965,poor,0.637094406296968,43,high
63557.34073221436,excellent,0.6658684678998348,29,high
73826.61559715462,poor,0.593697102608643,28,high
73225.18545590705,poor,0.30645726168182413,54,low
66792.53275145743,excellent,0.527016151338163,42,high
58521.89876925726,excellent,0.7908018437147051,35,high
25048.39789970293,good,0.7624328398982714,36,high
29697.722845676828,excellent,0.225904241478207,40,low
73913.25131162476,good,0.2988888894376623,55,low
56385.7435795754,excellent,0.27903726407273716,35,low
20551.823096997778,poor,0.6355879459911773,43,high
26088.292571961927,good,0.6906711979141671,23,high
59810.10614648335,good,0.3281068197864032,21,low
20303.69503077312,good,0.5035116157710975,61,high
29648.48308504992,poor,0.70442181680672,46,high
52924.02736199517,poor,0.6396809268597504,51,high
61513.7118615616,poor,0.5253423232951091,34,high
59117.67557015603,poor,0.5542086142752638,60,high
33456.15856763359,poor,0.505016328149768,60,high
62730.75328085215,good,0.3785290707912924,33,low
34234.945249808006,poor,0.5390131957154097,19,high
39523.98188955606,good,0.6133311812300545,51,high
64789.484307081446,poor,0.7239937495164848,25,high
58977.97394283288,excellent,0.5817748123875489,30,high
70953.40462965067,good,0.6566729222258949,59,high
59456.7735380206,excellent,0.29604298097274384,25,low
54098.516200128295,good,0.476934484651874,47,low
25620.486069685547,excellent,0.20559897189625598,49,low
42062.94818356601,poor,0.34800731871297386,53,low
35912.14206090353,poor,0.635877029067803,64,high
34639.37860274501,poor,0.7950859708096181,47,high
78380.63328514673,good,0.25950685975232957,18,low
43585.863480005624,excellent,0.440896589516773,60,low
73522.79331062679,poor,0.6800425812194958,56,high
57868.31755983577,excellent,0.32242138077733934,34,low
67688.6782124989,excellent,0.5330509695813719,37,high
50158.22558631153,poor,0.639842777617805,41,high
54614.23307758155,poor,0.5695912701561074,39,high
49551.06162913183,excellent,0.3128148407692497,46,low
31714.57926788267,poor,0.4132307412114437,39,low
63347.12691569032,poor,0.6702750706912384,61,high
36846.34174645135,poor,0.5325359084792101,26,high
21458.95798588723,good,0.20313776812574766,54,low
58728.33775443007,excellent,0.6565944560168564,27,high
30626.640764422937,excellent,0.22118681296414344,53,low
76427.51506117487,good,0.6474402696387394,54,high
77235.71462015525,excellent,0.32148833609914246,45,low
74891.8634132269,poor,0.7748440880716283,45,high
42209.522015326664,excellent,0.42076445078125074,59,low
20927.396991732046,poor,0.3961589698028475,60,low
75699.11375526353,good,0.2893328301994668,38,low
45691.048899038855,poor,0.38336252929412895,41,low
77999.28914262017,excellent,0.7259904570969204,59,high
77817.19862535517,excellent,0.7978006025763484,57,high
71180.5673280416,excellent,0.420985718304109,19,low
37666.93352417514,good,0.4691663785727256,25,low
43105.86371611552,good,0.6332425629216423,44,high
71068.20029101142,excellent,0.7317174682790448,39,high
39015.320309376664,poor,0.5558266005120706,54,high
30169.56480116555,good,0.43491541890669766,44,low
53408.07574750101,excellent,0.4475731045091743,46,low
76169.28644964687,excellent,0.6173708878980841,20,high
61761.78780049838,good,0.20193095816256723,61,low
54203.6702053619,good,0.5717536024759045,30,high
25830.58962624611,good,0.4132958062648145,62,low
56900.433601950186,poor,0.6765183987662506,27,high
79403.2310062558,poor,0.2557943838938793,53,low
28405.040914191442,excellent,0.5529213601690344,26,high
51099.779141824205,good,0.4885837339316743,44,low
72642.38431567734,poor,0.5853953155431365,51,high
64446.11706525226,good,0.23891215668978102,18,low
61820.94445971608,excellent,0.5479902724568788,49,high
62149.045039226556,poor,0.5368907527757143,42,high
41569.46907318531,poor,0.5363960566497026,46,high
37615.5106558696,poor,0.562092599957873,24,high
68561.66932871082,excellent,0.6058807623358173,20,high
68606.80368075085,good,0.6829933998084619,37,high
72024.33911480622,poor,0.36189243207692867,37,low
74794.43315338828,excellent,0.6950296461080373,47,high
50680.54393165627,good,0.49895340935807225,52,low
50090.977681231976,excellent,0.24623496748059873,52,low
67897.71073800651,good,0.23513055754638754,56,low
58997.83584666591,excellent,0.4005429912176365,44,low
62118.012635462204,good,0.6709381862668806,43,high
67747.56016616606,poor,0.6246085608445495,31,high
73400.32050905397,good,0.673168978803444,34,high
40279.709411092146,excellent,0.5103614338649657,35,high
42534.977158396636,excellent,0.4641193987732944,62,low
25638.91639045214,good,0.2884715160237704,46,low
54696.80845977044,poor,0.396915652165587,37,low
22156.536427804524,poor,0.4604116197043252,44,low
47935.88108794761,good,0.25316025780777035,35,low
52558.6780824546,good,0.3323671716267268,21,low
37192.475127697064,excellent,0.5589351764382433,18,high
55449.99563414064,poor,0.641397868543514,18,high
21830.014996342965,good,0.79900850683577,43,high
22240.891324952863,poor,0.7598679988061348,62,high
69356.03363957949,good,0.585539119721115,37,high
41611.438484675775,good,0.4527488319764432,40,low
27623.630759113086,poor,0.5817064188249397,27,high
51334.59560328826,good,0.6713909708481393,28,high
66199.61318591665,good,0.27100171455403244,58,low
32949.26164981059,excellent,0.445942933817773,58,low
57373.428549140015,good,0.7038813713813703,22,high
25120.847899626082,good,0.4302997711598264,18,low
23100.90327011646,good,0.543123362736312,34,high
51881.27789408888,excellent,0.552661616517319,39,high
52438.107296606395,poor,0.31068575188018366,51,low
58245.79408989239,excellent,0.4173412649913731,62,low
63565.48002335969,excellent,0.40070677324515935,58,low
78551.12476775207,poor,0.21571802511923888,46,low
50978.020898071714,excellent,0.21451505833481316,21,low
39377.38837647476,poor,0.6990182262054642,22,high
67711.17168612222,excellent,0.3638424859836875,28,low
36249.935075724454,poor,0.5108472597432894,38,high
46338.28524233817,good,0.3792353441532639,52,low
24707.38288053596,excellent,0.7644075470692044,29,high
21521.04460492745,excellent,0.3555780553194643,43,low
77758.9048806755,excellent,0.4577940876433611,36,low
70158.80723073235,excellent,0.7236381502907612,62,high
61758.45236562188,good,0.7051601400750853,24,high
44537.17666485619,excellent,0.3116608507077664,64,low
30397.659204250747,good,0.6815859858774262,24,high
29386.222560265163,good,0.47491213204273564,43,low
35014.57388987572,good,0.4897813232512132,57,low
52953.59988236723,good,0.2800879834495663,22,low
62875.75536200374,poor,0.24836090825427481,38,low
59611.84260306387,poor,0.6367635841842592,31,high
36796.03381675657,excellent,0.4978766914131799,21,low
77291.91683979164,poor,0.46211042156910775,40,low
64273.81500174611,poor,0.6377049371914381,59,high
53261.243150684044,excellent,0.6593077393946659,37,high
56703.24477406113,excellent,0.29534490060161217,32,low
45176.003745667396,excellent,0.5661350896865849,62,high
34863.85937006945,poor,0.28121244936661133,46,low
41358.360719075696,poor,0.6508250516174274,25,high
65470.76662786215,excellent,0.5941730937602838,58,high
20863.60931778535,good,0.7739687726500748,36,high
26964.358430414974,excellent,0.24137480981385273,56,low
22760.158521305166,good,0.23423283269075262,63,low
22443.72813913821,good,0.3693122448159201,45,low
71327.63504066043,excellent,0.3570234102415436,63,low
62219.471562801424,excellent,0.34818727944319994,44,low
48450.42974523951,excellent,0.7437527483126221,21,high
25870.04963906009,poor,0.3497277199097037,32,low
49496.95250700994,good,0.36316983567717864,52,low
48408.30624683394,poor,0.6556389574507784,54,high
30392.11219460091,poor,0.46984390547032406,18,low
46031.09895427838,excellent,0.6660263341731087,20,high
43910.28406384241,poor,0.23921969453863118,64,low
56951.00588313299,excellent,0.4925427162040306,41,low
58105.61905205863,good,0.2201681601099696,44,low
22718.24058632267,excellent,0.23759192207321272,57,low
42476.75687758827,poor,0.7438624720066467,53,high
57551.594942854186,poor,0.2835472226705571,51,low
50188.17551480526,excellent,0.5194524093651303,46,high
71389.39047129934,excellent,0.446657361560424,41,low
59521.6178971367,poor,0.4084059957553057,41,low
29776.06562488578,good,0.7399000074123636,59,high
24234.12484402579,good,0.2130940380652937,21,low
58545.156692378936,excellent,0.5982738117053535,20,high
21590.678632497307,good,0.7780366605281304,51,high
55146.5348764078,poor,0.5361009100771053,40,high
76413.81448549745,excellent,0.7620934772198551,40,high
54528.45067255274,poor,0.23135472757161427,62,low
43290.19557239131,poor,0.45127599144449687,22,low
58597.29310654119,good,0.35609467457723076,48,low
47495.173429491,excellent,0.6384925789884379,58,high
52737.00735895609,excellent,0.7887782542983481,23,high
76487.8885265915,good,0.3539180374665487,54,low
43166.158268046456,poor,0.5925047608844447,27,high
77671.43382943486,poor,0.3188585796558441,57,low
74321.03851736384,poor,0.539198152742966,24,high
31747.46808735779,poor,0.47835949201300176,56,low
24161.678052509928,excellent,0.7832031977789224,55,high
26046.6800826456,excellent,0.56511636361788,38,high
21093.309539092985,good,0.4097038232520913,37,low
25666.577645355705,good,0.26845747093276007,20,low
60980.40640498141,excellent,0.29074809724096073,39,low
24271.31890761374,excellent,0.3351901579707411,64,low
39138.53781762568,poor,0.35057999680417884,21,low
70692.51865816728,poor,0.7103696347046828,45,high
21396.31614414955,good,0.536733672969515,29,high
68868.10895533615,excellent,0.5140345468246199,55,high
36911.286486403995,good,0.2688613231215305,53,low
27089.889657299376,excellent,0.716083816009661,64,high
61804.22992184904,poor,0.6336885819250904,58,high
57736.57080679304,good,0.24060101714000098,22,low
72648.32081162318,good,0.6247010583378613,30,high
64104.26262823315,excellent,0.5261229304055877,40,high
68208.85582309091,poor,0.24903520744806698,47,low
36922.07435427839,good,0.4749803849171939,54,low
30646.37262678337,poor,0.49081777227802825,42,low
65036.8850984515,good,0.2994647240979655,44,low
68410.08435603583,poor,0.7674188882001696,31,high
79430.30852004039,excellent,0.7099852228883972,64,high
44757.060614685586,good,0.6014134023974651,53,high
42321.08514756699,good,0.47737733660036435,56,low
66584.77764451981,poor,0.44705932495070516,33,low
40448.21241518107,poor,0.5905840802905726,39,high
75845.43953621387,good,0.5272591216441433,38,high
71504.76511058072,excellent,0.23736386352913139,38,low
45739.6416425011,poor,0.507501589262199,25,high
65052.26406748984,poor,0.6838421703397037,33,high
65272.57244508094,poor,0.4755439265581749,48,low
26187.432130155958,good,0.23117394653256107,59,low
74153.174400774,good,0.6717669196304199,27,high
50315.14234687143,good,0.32081826928158463,49,low
69587.4479664645,good,0.35517250093282327,51,low
39202.9760618367,excellent,0.2988238120593776,26,low
73731.39370977203,excellent,0.3981290389228985,34,low
43352.100724049786,good,0.6540509034131812,28,high
20650.2590888179,excellent,0.5116315157023625,49,high
74322.91858515583,poor,0.32292876449042757,27,low
25477.200607168015,poor,0.7266980468912245,39,high
39158.81825542489,poor,0.7277491129709177,34,high
77003.71802304829,good,0.7223470550276043,21,high
77036.42881625336,poor,0.3432777268289236,64,low
54406.27328739717,excellent,0.4707436065085929,42,low
57910.232730187956,good,0.790993793684525,38,high
46906.73131869918,excellent,0.6632074857859943,54,high
37592.64630188387,poor,0.2163004527353359,55,low
39719.87272219496,poor,0.23912275475629524,18,low
60351.10736462231,poor,0.4783588260873997,42,low
65142.4717662608,good,0.7455321235169361,53,high
67494.7426235509,excellent,0.5232210787716286,34,high
67377.08856767323,good,0.49868750482057417,58,low
25472.36618292142,good,0.2632842199739784,41,low
49665.21828215489,poor,0.5940680628345765,19,high
23453.525600998655,good,0.6932618963601354,57,high
52971.73293942413,good,0.42825200450453743,32,low
46491.83008240262,poor,0.6653671105551966,49,high
73262.25096549798,good,0.778685992340487,56,high
41054.90075312472,poor,0.3222598754766135,23,low
27024.020985656352,poor,0.5139977787168448,18,high
28579.50092317015,poor,0.37228277485074535,64,low
65690.63790304834,poor,0.6757126514203037,40,high
57093.08379897566,good,0.5465560195286946,56,high
26067.360567367414,poor,0.5807494505301823,34,high
25046.408366899846,poor,0.6787484957695364,51,high
62058.1478875472,good,0.437582283597473,58,low
24365.78038185161,good,0.7490540410442261,46,high
69311.60355742137,excellent,0.519817320347684,26,high
62374.53362938977,good,0.29477289370120885,30,low
24880.926838513988,good,0.6175394709012816,23,high
25090.262845111516,excellent,0.6759568102629527,23,high
79198.37471007052,good,0.39005700624051604,37,low
42456.24774536722,good,0.7143075541992518,20,high
42238.528824013454,good,0.7436859528594599,34,high
68767.97403545016,good,0.3661426924266854,29,low
76834.91464303152,excellent,0.7901128836291333,64,high
79160.06382937226,good,0.2844269168292551,62,low
65202.691115536494,good,0.321209401041494,18,low
42575.575131854945,excellent,0.3105349035428157,34,low
25010.043001920127,poor,0.7363938260047223,20,high
66628.8149556462,excellent,0.5925755313949772,43,high
53504.254984148305,poor,0.29126256993336375,32,low
45453.32055481858,excellent,0.46419405102100947,53,low
74381.26310568416,excellent,0.5691788150418813,49,high
26671.84893836908,good,0.25007845099363,49,low
49557.50625745155,poor,0.7294498210444034,21,high
20681.218686045144,good,0.6821621212649212,35,high
48119.638519647575,poor,0.503124064145983,36,high
23378.19654091024,excellent,0.7802759691555023,60,high
27129.074976084317,excellent,0.4506565875650599,52,low
27051.574806626293,poor,0.7904661914218989,57,high
58952.61812696381,good,0.6007519992821764,31,high
64762.692755925396,good,0.580802763952365,50,high
55002.12590582958,good,0.299572937177471,31,low
77730.35290847252,good,0.7291566549827866,51,high
42492.23477142224,excellent,0.4564938127523691,21,low
37142.72517691164,excellent,0.2973400434694876,41,low
72115.94769136762,excellent,0.20756451198545545,46,low
33415.750311167154,excellent,0.5358534101830297,36,high
77793.35236643668,excellent,0.5164397732736059,23,high
20729.26848138898,good,0.6316121734214952,50,high
78192.72960245833,good,0.7341548318106814,57,high
22589.594717034568,good,0.24764395078581775,36,low
73468.58682188427,good,0.6388978942042175,18,high
51662.06654517799,excellent,0.31244716645854936,22,low
79577.88776715801,excellent,0.7149062318942985,44,high
24427.79388412393,excellent,0.6914381083169938,33,high
53231.25706407925,poor,0.5244762529913267,23,high
78158.15213714594,good,0.626145679173987,57,high
51385.87065020893,good,0.3886100679102491,30,low
57763.918288115754,excellent,0.4827007393596888,52,low
61744.92133907703,good,0.6929821386262831,36,high
47272.4638860664,good,0.4755591183039284,29,low
57653.48480504381,excellent,0.4146789591952651,33,low
55058.85871538601,poor,0.49652746835017997,60,low
74069.48062945934,poor,0.6969495514623312,27,high
22726.78282048747,poor,0.40112482842252367,42,low
36857.79137553382,excellent,0.3042569558814463,37,low
77024.68904459351,good,0.6272084121984685,48,high
73415.82703345499,excellent,0.6955869276248492,21,high
47339.40516714277,excellent,0.26038248711412004,61,low
57207.955868092205,good,0.3439244676535669,40,low
36642.87097886796,poor,0.28518319385659635,19,low
31287.26958342568,poor,0.40876484694930004,39,low
47821.904296398934,excellent,0.47021058734324767,54,low
41201.133681563166,poor,0.649295802177984,25,high
55019.366711052324,excellent,0.5906885509290045,24,high
24664.078217899092,excellent,0.5725571404870587,31,high
78463.68845997,good,0.4114249679657927,20,low
79172.64466877616,good,0.7048685318508561,33,high
61889.702841184706,good,0.4827723004388988,36,low
52165.781980647225,excellent,0.7874629628090928,35,high
38571.656977179664,good,0.5804852829774422,33,high
68827.70118241693,poor,0.2757588449387017,25,low
61083.870353232756,poor,0.6057065372452605,50,high
29757.01636069348,excellent,0.3950624092590194,29,low
74655.63106963054,excellent,0.6117963180116586,28,high
69352.23457539015,good,0.24178468889744348,22,low
76987.99479751545,excellent,0.30492886230557564,44,low
63543.1705033016,excellent,0.7134423553434719,29,high
56804.91175614739,poor,0.336307734214109,34,low
45094.58217743713,poor,0.7022246751457641,23,high
75963.70900124079,good,0.3675656530726463,50,low
71963.8333700245,excellent,0.5857291460352246,22,high
22713.120206371364,excellent,0.6164903441058986,45,high
21582.01846983512,poor,0.5075928518870318,31,high
42587.80201268298,excellent,0.38318640601803877,22,low
68633.19984690996,poor,0.32758662582265774,50,low
79236.56775889666,good,0.21991361273745574,58,low
29025.01346621169,poor,0.3823678407444343,36,low
55647.84292112811,excellent,0.5918976743187698,39,high
42853.451397861296,good,0.7629828910690897,22,high
78194.86386887619,poor,0.7227226893578313,19,high
70527.13538814252,poor,0.6596388659211816,47,high
70299.72228266827,good,0.6730684059519794,64,high
48121.58958769822,good,0.5989909420855972,56,high
44889.170140259914,poor,0.35617211453960185,21,low
36404.42431584238,excellent,0.744317018423498,50,high
23382.52979905563,poor,0.6024393871435005,30,high
71883.34257530319,good,0.536264378588264,37,high
68774.06054780466,poor,0.26659368152808866,24,low
79983.06039716784,good,0.46823332628385533,32,low
79798.21022443433,good,0.4762149627211558,40,low
53325.90233615765,excellent,0.718738165713602,31,high
66139.24491083063,good,0.5279889321126732,40,high
76685.94379294568,good,0.4282403293822458,36,low
70978.84344064469,excellent,0.7860801971063958,46,high
34840.88610459186,good,0.2664323559957894,37,low
47032.64811860561,excellent,0.45352905698716683,46,low
27749.5649090897,excellent,0.2252148051028432,41,low
77243.06163552334,good,0.6439424724601583,35,high
56370.478067052805,good,0.7508459313194904,27,high
33718.56833020777,poor,0.36802239773029366,58,low
60302.041064351404,excellent,0.7150050060794726,25,high
57087.69442747375,poor,0.3753309382771387,43,low
41489.76308197043,good,0.7464620969863491,46,high
26813.455531977743,poor,0.6523771421580704,27,high
60294.39173556797,excellent,0.6829440661048632,34,high
51218.462054227595,poor,0.2108039333602727,19,low
66339.10350413836,excellent,0.7776862142444156,23,high
51209.810066719605,good,0.636002595242194,22,high
71130.89001911241,good,0.38285065723168,45,low
53114.41032646913,excellent,0.6976367989153083,58,high
53656.27829212318,good,0.368912719048958,22,low
72599.2161595007,good,0.7236523037396769,35,high
44208.97197274382,good,0.26754823424716223,43,low
28040.913707038446,good,0.6222115864764775,37,high
21726.96057880034,excellent,0.5244190859869462,58,high
65308.23534041714,poor,0.2579206821172645,44,low
57218.57308120788,poor,0.34513629695530346,29,low
62244.78608595341,good,0.20744242176638888,24,low
32777.84969053464,poor,0.48126077927870353,20,low
28182.288535206186,poor,0.3807591564560002,27,low
20872.679940072914,good,0.5590144905786554,51,high
41035.25352839581,good,0.37834268462517034,42,low
55395.061211277985,poor,0.37995146690419085,52,low
43534.64270598394,excellent,0.6459159192389621,33,high
46248.49532142375,good,0.22888570158701207,19,low
74249.5216696249,excellent,0.7417369971151924,41,high
40895.32802139802,poor,0.711358324634709,27,high
50839.36934958865,good,0.600682809935844,55,high
67019.18076446859,excellent,0.5559329420644307,39,high
43792.56693927621,good,0.7353814988837915,43,high
57325.20201367241,poor,0.31119810771722867,60,low
71741.82252480471,excellent,0.24738149731449718,56,low
76971.23741945853,poor,0.34370610194572293,44,low
28824.408855742277,poor,0.6767469672201143,46,high
75595.25750968966,good,0.22080216003589,64,low
49526.97758477229,excellent,0.5496841010500939,55,high
35494.6632979375,poor,0.7972625097147861,37,high
47548.14537429568,poor,0.7134176563025236,44,high
78801.95451712862,excellent,0.5128674134261537,58,high
49557.08563957218,poor,0.23818454557198543,37,low
39725.09661725049,poor,0.698824108631426,61,high
58004.05125900354,excellent,0.5593871049063264,36,high
34408.73712669159,excellent,0.2689597982357401,37,low
24551.799686519837,excellent,0.25631437089401377,52,low
27732.783314638953,excellent,0.7457760916619556,64,high
27682.750337466347,good,0.6015201577628471,19,high
29114.16161073766,excellent,0.6975720795900534,47,high
28329.63035896461,good,0.7273873401693605,51,high
58452.484688192875,good,0.5430634112289934,39,high
30912.80506394869,good,0.5104678110530247,20,high
40740.03699943179,poor,0.45825644619259415,23,low
73807.3045943607,good,0.39016795267467164,32,low
48437.69841577234,good,0.4607575765152271,44,low
60053.46431126163,poor,0.6643277934380939,27,high
30339.19227209779,poor,0.5611540586090791,26,high
31537.341128520246,poor,0.7355139739729077,50,high
22452.11697598873,excellent,0.4660280086275127,49,low
30136.103784329873,poor,0.5642537472312525,23,high
36715.42034191752,poor,0.5787845318551933,58,high
30620.62905660481,good,0.5550182973837954,53,high
25322.152025423336,poor,0.6215802638513099,19,high
27238.15226603605,excellent,0.3424600810248838,46,low
47646.72608196354,poor,0.5074182665274745,21,high
32380.02310434755,excellent,0.2625348816850086,18,low
41856.19166288453,poor,0.4307067965868876,36,low
50205.036251291414,poor,0.4926002411727587,43,low
61423.68971776192,poor,0.5913345557272836,42,high
22358.728390465934,poor,0.7703186315517223,27,high
67964.62393454256,excellent,0.5603906399290136,32,high
57674.023369454466,excellent,0.6461563497059359,39,high
24905.541916932314,good,0.5037596356971217,38,high
72414.71744640663,excellent,0.5804624188257989,39,high
75252.34403190878,poor,0.24255932968026409,53,low
23664.677591291824,good,0.35263494850510824,51,low
36612.65888883222,good,0.41711185592308325,47,low
68372.07678758368,good,0.4834960130039082,42,low
64895.5814230195,poor,0.22738924730143026,62,low
31071.261161382638,excellent,0.28401445853199064,45,low
32560.95940020262,poor,0.3660885846747835,18,low
42228.32616748292,good,0.7829196145406305,62,high
49071.37911146128,poor,0.3988082042618305,21,low
57095.286291817756,poor,0.4892246348672496,24,low
42134.81837418635,excellent,0.31765862764303576,26,low
47752.08296798887,excellent,0.566468042645461,53,high
64848.25628802539,good,0.3684099293095846,36,low
22200.992173435872,poor,0.3241955470630561,18,low
35146.21666064124,poor,0.5099435770675875,27,high
62800.975153073145,excellent,0.2033034794962525,53,low
73712.41026123197,poor,0.2045984195895352,26,low
50700.64652693996,poor,0.33144128546111473,62,low
51926.809115918935,poor,0.2220328175004927,63,low
26430.32068038656,excellent,0.26481545247841487,59,low
46844.74200940728,good,0.403316389603251,49,low
51957.035987301395,good,0.6815514077478878,49,high
34548.23021808378,poor,0.5432291860215805,23,high
36154.593856962856,good,0.5076006355738498,55,high
42637.04978627736,excellent,0.376093293924873,34,low
21204.27186666358,excellent,0.7590522316596899,27,high
39324.7499349907,good,0.43820902474231505,44,low
32686.88041979268,good,0.2522556600774629,52,low
39649.841130674875,poor,0.5702399096706808,38,high
27185.727909155074,good,0.26830303608596084,42,low
73431.6368443937,poor,0.4071338856810153,45,low
55615.54721324292,poor,0.5044471632306854,64,high
60746.139148669376,excellent,0.7245335148111056,32,high
67350.27431644031,excellent,0.49612794820407125,21,low
49906.531935743435,excellent,0.6213552596189986,46,high
25215.21728524542,excellent,0.7956901033994423,26,high
52226.39250911286,good,0.278893471938789,44,low
55210.46708125275,excellent,0.36483891531171175,43,low
64726.368451059796,good,0.4367456453585879,36,low
45899.57277378076,excellent,0.45309690712329886,45,low
27654.818167733825,good,0.4466126451593275,34,low
37026.55434792347,poor,0.744566601533933,60,high
41784.93778391811,good,0.6284195866801139,58,high
58755.03447989607,good,0.5647431284544223,59,high
54246.69828013471,excellent,0.38562363071766925,37,low
41365.80355387078,good,0.6942742305327769,62,high
79190.91492757878,poor,0.7730363068909936,57,high
56346.48916141323,poor,0.692718969530136,56,high
34233.60750415967,excellent,0.20093906311488374,40,low
26106.948357224224,poor,0.5818408221100443,64,high
29171.548351059922,good,0.23068122886526046,49,low
34757.46370307049,poor,0.35456433220023315,64,low
29640.88239557334,excellent,0.23571482020866302,50,low
31194.021443078345,good,0.5622772717696327,63,high
37105.71012163082,excellent,0.6119539480955641,22,high
30402.41571768529,good,0.2686925828395431,60,low
73805.92547758551,poor,0.4303033298269877,51,low
24814.024739698532,excellent,0.4737419053733253,57,low
51470.68337421528,excellent,0.42143181305655,28,low
44623.809619379696,good,0.27261500029111585,20,low
78942.71701451638,excellent,0.45136867411248527,50,low
26722.33413008314,good,0.650706828685051,28,high
43871.335942744496,good,0.2426045987199533,33,low
78168.22599652213,good,0.2481080084491421,35,low
71930.42755363882,good,0.4128627751015906,47,low
69024.3242569568,poor,0.7650354269713551,27,high
35474.16962269639,good,0.6011435880337486,35,high
30253.25524340395,excellent,0.6072019740035389,55,high
60118.59319546586,poor,0.417151994502719,36,low
75762.55934765514,excellent,0.5561964747251231,53,high
53405.77358083579,poor,0.20607871041664605,30,low
54296.76136819399,good,0.5816576278457254,63,high
36798.74561961705,poor,0.7479721685457421,20,high
66169.5759915162,poor,0.5675440810068916,27,high
31222.6249134514,excellent,0.724219156079807,55,high
39420.75418425462,excellent,0.6343838332796563,18,high
45526.18631698501,good,0.2723350498422142,44,low
50456.6227210673,poor,0.7414719843715052,63,high
34544.583944904814,poor,0.23986630661346495,25,low
26890.209484352214,poor,0.5203804835286583,63,high
56637.20254649795,good,0.2852822742760746,59,low
37317.83319441535,good,0.20702396643854246,34,low
54874.29328535674,good,0.45322055607658346,26,low
29261.76291645214,good,0.37702442459249375,23,low
48868.40611128905,good,0.4916002962785619,60,low
51955.365953095155,excellent,0.5463199320407306,42,high
23109.412209345614,poor,0.22624344338536842,56,low
40196.25669163524,poor,0.2738019770742474,45,low
28064.880616338454,poor,0.5351854378702552,50,high
23802.498228366065,poor,0.40590041190359494,54,low
79397.61394339672,poor,0.6375040925296689,26,high
39341.23069848338,poor,0.5913749891551638,35,high
68592.46675127809,poor,0.7073626177939443,38,high
35278.43928582583,poor,0.6154956960015352,19,high
60890.163333435754,excellent,0.4579586464340889,60,low
65613.6715933812,poor,0.6037799734366596,55,high
55738.324436470655,excellent,0.3652287045532512,57,low
48294.5713130095,good,0.38378809926692764,53,low
44710.45484883611,poor,0.673391095952476,60,high
40932.09599257972,good,0.46785170984094937,54,low
75771.74865486956,good,0.6790282043110116,32,high
69837.16446726375,good,0.6934534242009671,45,high
77901.61463999076,excellent,0.7145374025967703,35,high
27457.833409132683,good,0.7499811415047244,51,high
63852.04851221866,good,0.45859113230797777,39,low
76300.42740926228,good,0.39132009099268333,28,low
30873.98396993961,poor,0.5493192479564684,30,high
23989.776042006648,poor,0.4227034540625766,21,low
64467.23895740354,excellent,0.5606445000801399,39,high
54468.38679079471,excellent,0.6233515175862949,24,high
70509.72660549633,poor,0.6130430110952823,60,high
28386.34259757737,excellent,0.42473173221207283,41,low
67716.03871159341,poor,0.3001161210192517,21,low
32097.639202864673,good,0.45831760307732455,45,low
29819.35657194227,good,0.2855564864491453,32,low
29855.947875859576,excellent,0.7340582211102851,18,high
68874.48321388292,poor,0.4075264764427145,20,low
59911.83324177201,poor,0.2926758483339943,31,low
51383.925486147156,excellent,0.21526865594345054,55,low
41529.82904741015,poor,0.5874934317718906,18,high
72632.0324487865,good,0.5821413904728461,55,high
43546.706445358126,excellent,0.40436249994877504,55,low
68995.96636829463,excellent,0.24302713330859063,38,low
46348.09451421311,poor,0.4457773369371393,46,low
42616.66576549446,excellent,0.3867304970380362,22,low
47760.787140176384,poor,0.6062723838410057,27,high
38082.67244984853,poor,0.5634675496716143,45,high
64856.562810575066,poor,0.41875623691852404,38,low
50163.22340554875,poor,0.3307355325529941,24,low
33932.76170880904,poor,0.7928215796933553,20,high
73974.4743964741,excellent,0.47240097271766895,62,low
43033.47328239269,good,0.6129645414681424,64,high
52613.17166683932,good,0.28433178054701647,37,low
74388.32665787282,excellent,0.49135381979563875,36,low
57454.279754839525,excellent,0.2165220319216793,52,low
27013.882442501843,good,0.50327307074627,21,high
76389.92741680851,good,0.7784104442706214,22,high
57662.48318428507,good,0.4305240277914802,18,low
40094.33687942517,good,0.22339760754494697,21,low
28356.324359803235,good,0.21857347455160614,29,low
67641.51135621776,poor,0.43279205596812176,44,low
57204.36535571081,excellent,0.2960149618779164,59,low
52007.66551857929,poor,0.21401125779691155,40,low
73633.55498305746,good,0.6537281683701062,42,high
67315.83267347184,good,0.47511380532913444,38,low
29100.49278396507,good,0.37354686318359276,41,low
38703.324067732894,poor,0.7400499098098885,42,high
34909.34838886795,poor,0.2696833761203154,62,low
64636.77755436062,good,0.7735512973731917,63,high
22011.946084146763,poor,0.3883800304264117,49,low
54193.38109227899,poor,0.7330422033852089,49,high
65747.52114444143,good,0.5617657258876769,22,high
72605.93820570497,poor,0.6960244158448925,53,high
40524.90492295445,excellent,0.7904078979262787,63,high
69275.43828032077,excellent,0.37304326269124743,59,low
26637.904217312433,excellent,0.776681291244556,59,high
70787.13750407108,excellent,0.4336891369414523,56,low
27649.319739918945,good,0.43130714284215343,33,low
43837.23743362204,good,0.40423226255270345,50,low
67837.7219467732,good,0.5248445644085511,38,high
28995.045640926426,excellent,0.2924870259070923,26,low
33755.08371395849,excellent,0.5322268912148067,23,high
63335.15410358398,poor,0.5250228874460025,62,high
63202.19219276446,poor,0.657141087562922,52,high
58468.85797311784,excellent,0.7001899771625515,56,high
61636.906668026,excellent,0.46426481018745447,39,low
52563.46660085577,excellent,0.3813999496108963,58,low
35107.943534417165,excellent,0.35560093839025675,22,low
40741.75961023517,poor,0.31677430202292317,59,low
30895.86300808554,excellent,0.23458854931941495,40,low
74507.0336800177,poor,0.405468787300828,34,low
55003.507685967226,excellent,0.36214861527847,29,low
44051.08500581839,excellent,0.7798504315198445,40,high
47720.34821864796,excellent,0.5346252957500264,33,high
76837.00037670892,poor,0.4083662234183046,20,low
29201.084186964814,poor,0.5482805605962177,47,high
55173.78992100783,good,0.28351802080741734,39,low
50353.32073306796,excellent,0.4664262495213218,26,low
56687.25412607887,good,0.5757405928526383,46,high
21086.61102925043,good,0.4933386990754709,64,low
72327.43453664909,poor,0.4410672803925946,54,low
75927.09694901673,poor,0.7963090333398191,40,high
53907.991015352534,good,0.7281888572893562,30,high
61799.04943261354,excellent,0.5740435748956642,49,high
75349.96287063774,poor,0.5416264167093697,63,high
62434.31805880392,excellent,0.5723962878947505,64,high
29152.34257485568,excellent,0.32078726469346,40,low
54577.30161000879,good,0.4370826459585912,62,low
56402.90278297135,good,0.2236757197345396,34,low
45447.840278143165,good,0.48532762249209604,57,low
64186.65413748337,good,0.525814750374598,38,high
76062.02088614089,poor,0.3366498416619258,19,low
75534.11077440658,poor,0.7784173082993084,54,high
47050.36228424792,good,0.7456727665623453,23,high
26794.282750445316,poor,0.6332859412735437,61,high
79090.47193774008,good,0.5200319772592177,35,high
70333.88518675604,excellent,0.721981495788611,47,high
27479.76087219601,excellent,0.27839140629407777,39,low
75250.51295704235,excellent,0.674305876564931,50,high
72193.7817237277,good,0.274892488380109,47,low
51130.283427564325,excellent,0.6765263975296434,34,high
55476.52614469575,poor,0.3654605409508142,60,low
43940.16223220782,excellent,0.7262543486109134,49,high
23285.69832932188,excellent,0.7664252562952387,59,high
40111.834498754055,excellent,0.2892775816430694,31,low
68171.20691588068,poor,0.4776053630392362,27,low
20277.921380276173,good,0.7885924268976112,64,high
40009.95030146865,poor,0.49004446158388804,53,low
43890.1216154566,good,0.7181285135087272,51,high
52243.73617627537,good,0.553238913278792,26,high
75191.33698476563,excellent,0.42519794475176115,59,low
40780.75966195768,good,0.37147013331552214,45,low
40817.192113773664,poor,0.32193385465165236,28,low
64250.0748865849,poor,0.6570789148266184,31,high
47133.07645338843,good,0.43192430409381677,56,low
33476.28937639892,excellent,0.5067652773204507,64,high
47146.3709679616,excellent,0.4953952880007092,36,low
28451.42122278799,poor,0.5463674175398788,32,high
30583.2191903734,excellent,0.7193462873747314,45,high
49902.06636436879,good,0.7884436061500577,41,high
45135.52697027287,good,0.4445505251442902,25,low
74890.75406408601,poor,0.6965113532637819,60,high
41743.63394699799,good,0.6587166767928307,26,high
54835.301016682606,poor,0.544117370873344,64,high
57935.857275171824,good,0.77362828616716,50,high
20785.667395300017,poor,0.32028470931704167,50,low
59812.24232100264,excellent,0.26555852618577286,36,low
30682.158012185086,good,0.7123771801732535,20,high
77664.21904816732,good,0.46348988998024904,27,low
28919.76366518678,poor,0.7081813125242364,57,high
44877.44742362142,poor,0.7358541231172491,64,high
25120.98008471863,good,0.23747455617144286,59,low
79812.45511075684,poor,0.7300788577916366,18,high
50131.70061987455,good,0.4689914332216534,46,low
55723.10103920263,excellent,0.5062594934025394,51,high
24024.588643305648,poor,0.5759555066559262,30,high
64997.62822395067,good,0.7558295640380521,18,high
32594.335585735145,excellent,0.21146965665785844,51,low
73883.25736644282,excellent,0.4861060809906903,46,low
32308.37842892043,good,0.6126332254583364,64,high
31441.263239819993,poor,0.6336241746189372,30,high
22192.980070885693,good,0.6155194589222648,46,high
48324.016706599956,excellent,0.28066107764487314,56,low
53890.46799575698,good,0.3796373530230088,41,low
23942.518365701144,poor,0.4152293152502081,43,low
66531.65700170063,excellent,0.682662324607703,34,high
47197.33008488166,good,0.3672559234487318,24,low
51463.41615965481,poor,0.32642297832032197,30,low
46445.76481629369,excellent,0.7744688114228577,22,high
44045.78365251956,poor,0.20531797106808136,43,low
53578.41987849307,excellent,0.7986925134091871,20,high
29314.41475584275,good,0.6060927793144375,24,high
30915.68782971627,poor,0.6970815796694703,56,high
71707.13726081104,excellent,0.37677163780771594,18,low
76766.92772801797,poor,0.208589166600236,34,low
42398.55897678518,poor,0.6427217111369181,60,high
36244.680388613226,good,0.7004867582004055,42,high
58639.97259434094,poor,0.6442856791721115,20,high
44524.05026588579,excellent,0.28571017238050317,32,low
21523.181339620693,excellent,0.6520567533541815,46,high
29369.15584197142,excellent,0.6613536692645847,60,high
62958.33373084385,excellent,0.595124309402033,49,high
59535.43651460908,good,0.6596695596773519,43,high
21625.759550209008,poor,0.7075528638066393,33,high
33318.329715976965,good,0.5681624685424751,42,high
33864.48779528428,poor,0.2531628283818075,45,low
60313.56461592371,poor,0.4925766858003266,26,low
21182.632265261847,poor,0.24658960080296305,18,low
26246.51491907443,good,0.44452581861945856,46,low
67994.96512239135,poor,0.44426389347537665,39,low
30712.679723260015,good,0.23960590648414498,33,low
59164.76647111248,excellent,0.4092923203816876,58,low
34290.96686280359,excellent,0.26659885927478894,61,low
25966.48356556071,poor,0.6849411260055334,58,high
34590.331459967245,good,0.7686128155786827,24,high
63336.01591133955,excellent,0.24338988515476317,31,low
71341.78808637714,good,0.773069124375021,46,high
69813.1918740195,good,0.5135459596020471,36,high
43831.01177710729,poor,0.3797394067723244,36,low
60085.10819423877,excellent,0.24611724516569813,19,low
32299.057724949256,poor,0.5003745608422507,58,high
37588.86381566079,poor,0.6767093266944493,62,high
73780.14911126718,excellent,0.624251886360019,32,high
20780.11541064416,excellent,0.23013560687838427,20,low
25130.511851268086,good,0.24374110122074213,28,low
32473.175308761638,excellent,0.4417239695795823,63,low
21591.932232429182,good,0.377174296428766,47,low
30886.12610538784,good,0.3394305938336287,57,low
54982.49365818153,good,0.36860269934522816,35,low
45285.473035549876,excellent,0.6820896459781309,19,high
73560.30266461849,poor,0.7575368321791125,49,high
69046.61370430645,good,0.4430616167165399,25,low
40509.04110187256,poor,0.7436666012794984,39,high
35565.40600587755,poor,0.39289742074872924,23,low
42781.544490036016,excellent,0.48586219180627505,29,low
55417.69655088847,poor,0.33561739868959983,64,low
36083.81844937257,poor,0.5842856253055064,57,high
57448.93447094804,excellent,0.7873886691048855,53,high
44564.69913147442,good,0.5620958576260273,32,high
53122.830851118815,poor,0.41468845046812935,45,low
46167.591748119,excellent,0.5886904675943171,62,high
37667.94557251506,poor,0.27375240707923254,35,low
76907.1984177294,poor,0.7331954481592393,19,high
65816.34764958566,good,0.5018503704679018,30,high
28406.790545987154,poor,0.4696098452237853,62,low
72108.07855387477,excellent,0.5515188730721116,32,high
49245.87189497082,poor,0.5748703176736416,37,high
73673.13361364548,good,0.24306548373590783,46,low
67991.31535683891,good,0.6095703327340415,59,high
45512.810268154004,excellent,0.3451590081893178,46,low
21348.158499207042,good,0.628371579503954,20,high
36120.64156309677,poor,0.6935208766305181,36,high
52498.052879652016,good,0.6823751045315123,20,high
58008.69318956884,excellent,0.5315005804447335,31,high
35473.26112599214,good,0.5121019353864508,57,high
28361.36444436945,good,0.2857255768036471,21,low
70095.81420795794,good,0.6652076902418814,28,high
79064.13084221313,excellent,0.3628456282680287,48,low
51541.41093816115,good,0.498017253690768,60,low
30300.757150898207,good,0.3705644557565101,49,low
36338.43959116214,poor,0.2802970177998159,44,low
21103.440592848005,excellent,0.577734618135042,47,high
74857.92839362993,good,0.2325992208937423,60,low
27065.06497340847,excellent,0.6491871404757201,19,high
54590.98853085521,good,0.39055207715667006,26,low
36443.31324123236,good,0.20008081580269121,45,low
53250.680150947606,good,0.506677483542338,48,high
59085.22330111185,poor,0.2281111451165619,51,low
69784.50822243211,poor,0.36570173469253975,32,low
32385.276305636195,poor,0.6241858924734298,42,high
20659.74971950883,excellent,0.23761377297311953,53,low
28213.137804128437,excellent,0.7036030954136014,25,high
74001.1185108863,poor,0.20229195359514987,26,low
72433.40465375091,excellent,0.3480943215211414,54,low
55844.7861302185,good,0.6445424336912429,62,high
56031.0116260192,good,0.3897620898375841,56,low
59902.20047277533,good,0.26113543283960816,49,low
30522.276717406974,poor,0.4161403512802568,34,low
74864.71675549759,excellent,0.3622359718307153,52,low
45126.23149352439,poor,0.7056271412963331,54,high
42988.311694969845,excellent,0.3880087505510859,36,low
51135.06231697025,good,0.6733594830656044,61,high
22817.958006503304,poor,0.735123286886441,46,high
29977.002125364765,excellent,0.46029045174591776,24,low
64282.016985582224,excellent,0.7459658863126353,45,high
24967.920075507587,good,0.42639083237791575,26,low
56189.126567983294,poor,0.778447049894065,45,high
34720.94658087926,poor,0.2535737147153438,23,low
43357.73684251859,poor,0.6122115599019458,46,high
37321.62420624199,good,0.49628842427415726,34,low
41340.36298789695,poor,0.4325892832733883,33,low
63142.75431105473,good,0.5796271272491607,40,high
37827.3029373905,good,0.6223142549805988,48,high
53984.27841781383,good,0.20261796179018546,20,low
48563.024131945975,excellent,0.30017185324831924,38,low
59820.26992175889,poor,0.6278276303805913,43,high
76209.78435948548,poor,0.5998312481469239,53,high
63954.32583261502,good,0.7796285030772063,59,high
32896.422715445406,good,0.6566226741504699,54,high
21870.988103677082,poor,0.770463624638803,39,high
35735.8426579895,good,0.6215243009208842,59,high
55704.67584201529,poor,0.3788313251836659,29,low
23085.54880905502,excellent,0.26321895335051393,59,low
49781.97483207418,good,0.6690943180069615,30,high
55810.570935013355,poor,0.5864895328855496,28,high
40054.63344901765,good,0.22891160743597774,33,low
66254.73222474931,poor,0.416030279540587,25,low
26395.89518802631,poor,0.7740798892905718,57,high
24508.266904148528,good,0.5002406874261207,57,high
63691.325372216204,excellent,0.45963748161182283,62,low
49729.47897237191,poor,0.47461976309557646,19,low
61304.143785664164,poor,0.32532963440309826,47,low
46089.64031622477,poor,0.42122430251887716,47,low
34784.12199434641,excellent,0.421887953592306,29,low
69146.13906045198,excellent,0.23141301211248344,27,low
67964.95273813876,good,0.6605405771107511,61,high
61681.78825126561,excellent,0.4499026591423274,28,low
36328.70823379776,good,0.6933079320898541,32,high
55413.84001214523,good,0.7102088006719374,33,high
41658.43381640161,excellent,0.32719643281919486,34,low
25494.92439959805,good,0.5944120893020772,43,high
75038.81452773456,excellent,0.4833690824977891,19,low
28209.117855137683,good,0.7280940427528912,29,high
77014.24122924815,excellent,0.3294444075058725,43,low
46760.34637747734,excellent,0.6066879201860266,40,high
